<?xml version="1.0" encoding="UTF-8"?>
<metadata xml:lang="zh"><Esri><CreaDate>20230824</CreaDate><CreaTime>14444100</CreaTime><ArcGISFormat>1.0</ArcGISFormat><SyncOnce>TRUE</SyncOnce><DataProperties><itemProps><itemLocation><linkage Sync="TRUE">file://\\JETLINK003\D$\專案\2023.01.16國土測繪中心_112年度行政區域界線平臺諮詢及維護採購案\行政界線維護work\0731臺東縣池上鄉大埔、新興、福原村行政界線維護\[112行政界線更新第2案]臺東縣池上鄉村里界釐整交付成果\3.鄉(鎮、市、區)界線檔(內政部版,shp檔)\Town_Majia_Sanhe</linkage><protocol Sync="TRUE">Local Area Network</protocol></itemLocation></itemProps><copyHistory><copy source="D:\專案\2023.01.16國土測繪中心_112年度行政區域界線平臺諮詢及維護採購案\行政界線維護work\0424臺中市龍井區麗水里行政界線維護_成果修訂村里罕見字\更新\3.鄉(鎮、市、區)界線檔(內政部版,shp檔)\Town_Majia_Sanhe" dest="\\JETLINK003\D$\專案\2023.01.16國土測繪中心_112年度行政區域界線平臺諮詢及維護採購案\行政界線維護work\0731臺東縣池上鄉大埔、新興、福原村行政界線維護\[112行政界線更新第2案]臺東縣池上鄉村里界釐整交付成果\3.鄉(鎮、市、區)界線檔(內政部版,shp檔)\Town_Majia_Sanhe" date="20230824" time="14444100"></copy></copyHistory></DataProperties></Esri></metadata>
