<?xml version="1.0" encoding="UTF-8"?>
<metadata xml:lang="zh"><Esri><CreaDate>20230824</CreaDate><CreaTime>14491000</CreaTime><ArcGISFormat>1.0</ArcGISFormat><SyncOnce>TRUE</SyncOnce><DataProperties><itemProps><itemLocation><linkage Sync="TRUE">file://\\JETLINK003\D$\專案\2023.01.16國土測繪中心_112年度行政區域界線平臺諮詢及維護採購案\行政界線維護work\0731臺東縣池上鄉大埔、新興、福原村行政界線維護\[112行政界線更新第2案]臺東縣池上鄉村里界釐整交付成果\3.鄉(鎮、市、區)界線檔(內政部版,shp檔)\TOWN_MOI_1120317</linkage><protocol Sync="TRUE">Local Area Network</protocol></itemLocation></itemProps><copyHistory><copy source="D:\專案\2023.01.16國土測繪中心_112年度行政區域界線平臺諮詢及維護採購案\行政界線維護work\0424臺中市龍井區麗水里行政界線維護_成果修訂村里罕見字\更新\3.鄉(鎮、市、區)界線檔(內政部版,shp檔)\TOWN_MOI_1120317" dest="\\JETLINK003\D$\專案\2023.01.16國土測繪中心_112年度行政區域界線平臺諮詢及維護採購案\行政界線維護work\0731臺東縣池上鄉大埔、新興、福原村行政界線維護\[112行政界線更新第2案]臺東縣池上鄉村里界釐整交付成果\3.鄉(鎮、市、區)界線檔(內政部版,shp檔)\TOWN_MOI_1120317" date="20230824" time="14491000"></copy></copyHistory><lineage><Process ToolSource="c:\program files (x86)\arcgis\desktop10.2\ArcToolbox\Toolboxes\Data Management Tools.tbx\Append" Date="20230824" Time="150010">Append Town_MOI_92 TOWN_MOI_1120825 NO_TEST "TOWNID "TOWNID" true false false 8 Text 0 0 ,First,#;TOWNCODE "TOWNCODE" true false false 12 Text 0 0 ,First,#,Town_MOI_92,Town_ID,-1,-1;COUNTYNAME "COUNTYNAME" true false false 12 Text 0 0 ,First,#,Town_MOI_92,C_Name,-1,-1;TOWNNAME "TOWNNAME" true false false 12 Text 0 0 ,First,#,Town_MOI_92,T_Name,-1,-1;TOWNENG "TOWNENG" true false false 39 Text 0 0 ,First,#,Town_MOI_92,T_Name_e,-1,-1;COUNTYID "COUNTYID" true false false 3 Text 0 0 ,First,#;COUNTYCODE "COUNTYCODE" true false false 8 Text 0 0 ,First,#,Town_MOI_92,County_ID,-1,-1" #</Process></lineage></DataProperties></Esri></metadata>
